FORMATO;ZONA;HOJA;CELDA_O_COLUMNA;CAMPO_ORIGINAL;EJEMPLO;CAMPO_NORMALIZADO_ACTUAL;ESTADO_ACTUAL;DESTINO_PROPUESTO;CAMPO_CANONICO;INFO_DEBITO;ESTADO_RESUMEN
BCP_ME;CABECERA;HistoricalAccountExcel;M3;EXTRACTOS  BANCARIOS;;—;SOLO DETECCIÓN;METADATOS_EXTRACTO;TITULO_REPORTE;;SOLO CONTROL (no persistido como dato)
BCP_ME;CABECERA;HistoricalAccountExcel;C5;Fecha:;21/08/2026;—;PERDIDO;METADATOS_EXTRACTO;FECHA_EMISION;;PERDIDO
BCP_ME;CABECERA;HistoricalAccountExcel;C6;Hora:;08:56 AM;—;PERDIDO;METADATOS_EXTRACTO;HORA_EMISION;;PERDIDO
BCP_ME;CABECERA;HistoricalAccountExcel;C7;Titular:;UNIVERSIDAD PRIVADA DEL VALLE S.A.;—;PERDIDO;METADATOS_EXTRACTO;TITULAR;;PERDIDO
BCP_ME;CABECERA;HistoricalAccountExcel;C8;Cuenta:;301-5005425-2-71;—;SOLO DETECCIÓN (texto literal perdido);METADATOS_EXTRACTO;CUENTA_EN_ARCHIVO;;SOLO CONTROL (no persistido como dato)
BCP_ME;TABLA;HistoricalAccountExcel;B (enc. fila 11);Fecha;07/07/2026;FECHA MOVIMIENTO;MAPEADO;OPERATIVO + DATOS_ORIGINALES;FECHA;;MAPEADO
BCP_ME;TABLA;HistoricalAccountExcel;F (enc. fila 11);Hora;14:43:49;HORA MOVIMIENTO;MAPEADO;OPERATIVO + DATOS_ORIGINALES;HORA;;MAPEADO
BCP_ME;TABLA;HistoricalAccountExcel;I (enc. fila 11);Glosa;SALDO INICIAL;DESCRIPCIÓN;MAPEADO (banco trunca a 20 car.);OPERATIVO + DATOS_ORIGINALES;GLOSA;PagoHAB / CHEQUE n / PAGO TARJETA;MAPEADO
BCP_ME;TABLA;HistoricalAccountExcel;L (enc. fila 11);Tipo;SI;INFORMACIÓN ADICIONAL (pos.1, sin etiqueta);EN TEXTO SIN ETIQUETA;OPERATIVO + DATOS_ORIGINALES;TIPO_TRANSACCION;4401/3001/3002/3003;EN TEXTO LIBRE
BCP_ME;TABLA;HistoricalAccountExcel;O (enc. fila 11);Suc. Age.;201204;INFORMACIÓN ADICIONAL (pos.2, sin etiqueta);EN TEXTO SIN ETIQUETA;OPERATIVO + DATOS_ORIGINALES;SUCURSAL_AGENCIA;Agencia;EN TEXTO LIBRE
BCP_ME;TABLA;HistoricalAccountExcel;Q (enc. fila 11);Usuario;BATCH;INFORMACIÓN ADICIONAL (pos.3, sin etiqueta);EN TEXTO SIN ETIQUETA;OPERATIVO + DATOS_ORIGINALES;USUARIO_BANCO;Usuario banco;EN TEXTO LIBRE
BCP_ME;TABLA;HistoricalAccountExcel;T (enc. fila 11);Importe;0.00;IMPORTE / DÉBITO / CRÉDITO / TIPO;MAPEADO (signo → tipo);OPERATIVO + DATOS_ORIGINALES;IMPORTE_FIRMADO;Monto negativo;MAPEADO
BCP_ME;TABLA;HistoricalAccountExcel;W (enc. fila 11);Saldo;22,323.54;SALDO;MAPEADO;OPERATIVO + DATOS_ORIGINALES;SALDO;;MAPEADO
BCP_ME;TABLA;HistoricalAccountExcel;Y (enc. fila 11);Nro. Operación;0;CÓDIGO DE ASIGNACIÓN;MAPEADO (no único: 17 repetidos en BCP_MN);OPERATIVO + DATOS_ORIGINALES;NRO_OPERACION;Operación;MAPEADO
BCP_ME;FILA ESPECIAL;HistoricalAccountExcel;fila 13;SALDO INICIAL;07/07/2026 | 14:43:49 | SALDO INICIAL | SI | 201204 | BATCH | 0.00 | 2;—;SOLO VALIDACIÓN (fila excluida de LISTS);DATOS_ORIGINALES (ROL_FILA) + METADATOS;SALDO_INICIAL_ARCHIVO;;SOLO CONTROL (no persistido como dato)
BCP_ME;FILA ESPECIAL;HistoricalAccountExcel;fila 22;SALDO AL CIERRE;31/07/2026 | 11:01:26 | SALDO AL CIERRE | SC | 201204 | BATCH | 0.00 |;—;SOLO VALIDACIÓN (fila excluida de LISTS);DATOS_ORIGINALES (ROL_FILA) + METADATOS;SALDO_FINAL_ARCHIVO;;SOLO CONTROL (no persistido como dato)
BCP_MN;CABECERA;HistoricalAccountExcel;M3;EXTRACTOS  BANCARIOS;;—;SOLO DETECCIÓN;METADATOS_EXTRACTO;TITULO_REPORTE;;SOLO CONTROL (no persistido como dato)
BCP_MN;CABECERA;HistoricalAccountExcel;C5;Fecha:;21/08/2026;—;PERDIDO;METADATOS_EXTRACTO;FECHA_EMISION;;PERDIDO
BCP_MN;CABECERA;HistoricalAccountExcel;C6;Hora:;08:58 AM;—;PERDIDO;METADATOS_EXTRACTO;HORA_EMISION;;PERDIDO
BCP_MN;CABECERA;HistoricalAccountExcel;C7;Titular:;UNIVERSIDAD PRIVADA DEL VALLE S.A.;—;PERDIDO;METADATOS_EXTRACTO;TITULAR;;PERDIDO
BCP_MN;CABECERA;HistoricalAccountExcel;C8;Cuenta:;301-5005684-3-97;—;SOLO DETECCIÓN (texto literal perdido);METADATOS_EXTRACTO;CUENTA_EN_ARCHIVO;;SOLO CONTROL (no persistido como dato)
BCP_MN;TABLA;HistoricalAccountExcel;B (enc. fila 11);Fecha;01/08/2026;FECHA MOVIMIENTO;MAPEADO;OPERATIVO + DATOS_ORIGINALES;FECHA;;MAPEADO
BCP_MN;TABLA;HistoricalAccountExcel;F (enc. fila 11);Hora;00:04:06;HORA MOVIMIENTO;MAPEADO;OPERATIVO + DATOS_ORIGINALES;HORA;;MAPEADO
BCP_MN;TABLA;HistoricalAccountExcel;I (enc. fila 11);Glosa;SALDO INICIAL;DESCRIPCIÓN;MAPEADO (banco trunca a 20 car.);OPERATIVO + DATOS_ORIGINALES;GLOSA;PagoHAB / CHEQUE n / PAGO TARJETA;MAPEADO
BCP_MN;TABLA;HistoricalAccountExcel;L (enc. fila 11);Tipo;SI;INFORMACIÓN ADICIONAL (pos.1, sin etiqueta);EN TEXTO SIN ETIQUETA;OPERATIVO + DATOS_ORIGINALES;TIPO_TRANSACCION;4401/3001/3002/3003;EN TEXTO LIBRE
BCP_MN;TABLA;HistoricalAccountExcel;O (enc. fila 11);Suc. Age.;201204;INFORMACIÓN ADICIONAL (pos.2, sin etiqueta);EN TEXTO SIN ETIQUETA;OPERATIVO + DATOS_ORIGINALES;SUCURSAL_AGENCIA;Agencia;EN TEXTO LIBRE
BCP_MN;TABLA;HistoricalAccountExcel;Q (enc. fila 11);Usuario;BATCH;INFORMACIÓN ADICIONAL (pos.3, sin etiqueta);EN TEXTO SIN ETIQUETA;OPERATIVO + DATOS_ORIGINALES;USUARIO_BANCO;Usuario banco;EN TEXTO LIBRE
BCP_MN;TABLA;HistoricalAccountExcel;T (enc. fila 11);Importe;0.00;IMPORTE / DÉBITO / CRÉDITO / TIPO;MAPEADO (signo → tipo);OPERATIVO + DATOS_ORIGINALES;IMPORTE_FIRMADO;Monto negativo;MAPEADO
BCP_MN;TABLA;HistoricalAccountExcel;W (enc. fila 11);Saldo;2,080,805.66;SALDO;MAPEADO;OPERATIVO + DATOS_ORIGINALES;SALDO;;MAPEADO
BCP_MN;TABLA;HistoricalAccountExcel;Y (enc. fila 11);Nro. Operación;0;CÓDIGO DE ASIGNACIÓN;MAPEADO (no único: 17 repetidos en BCP_MN);OPERATIVO + DATOS_ORIGINALES;NRO_OPERACION;Operación;MAPEADO
BCP_MN;FILA ESPECIAL;HistoricalAccountExcel;fila 13;SALDO INICIAL;01/08/2026 | 00:04:06 | SALDO INICIAL | SI | 201204 | BATCH | 0.00 | 2;—;SOLO VALIDACIÓN (fila excluida de LISTS);DATOS_ORIGINALES (ROL_FILA) + METADATOS;SALDO_INICIAL_ARCHIVO;;SOLO CONTROL (no persistido como dato)
BCP_MN;FILA ESPECIAL;HistoricalAccountExcel;fila 2345;SALDO AL CIERRE;20/08/2026 | 21:59:53 | SALDO AL CIERRE | SC | 201204 | BATCH | 0.00 |;—;SOLO VALIDACIÓN (fila excluida de LISTS);DATOS_ORIGINALES (ROL_FILA) + METADATOS;SALDO_FINAL_ARCHIVO;;SOLO CONTROL (no persistido como dato)
BISA_ME;CABECERA;Extracto de Movimientos;C1;21/08/2026 08:54;;—;PERDIDO;METADATOS_EXTRACTO;FECHA_HORA_EMISION;;PERDIDO
BISA_ME;CABECERA;Extracto de Movimientos;A2;Cliente Nro.:;0000069687(lvelasquezs26);—;PERDIDO;METADATOS_EXTRACTO;CLIENTE_NRO / USUARIO_CONSULTA;;PERDIDO
BISA_ME;CABECERA;Extracto de Movimientos;D2;Banco Bisa;;—;SOLO DETECCIÓN;METADATOS_EXTRACTO;TITULO_REPORTE;;SOLO CONTROL (no persistido como dato)
BISA_ME;CABECERA;Extracto de Movimientos;A3;Nombre:;UNIVALLE S.A.;—;PERDIDO;METADATOS_EXTRACTO;TITULAR;;PERDIDO
BISA_ME;CABECERA;Extracto de Movimientos;D3;Al:21/08/2026 08:54;;—;PERDIDO;METADATOS_EXTRACTO;FECHA_CORTE;;PERDIDO
BISA_ME;CABECERA;Extracto de Movimientos;D6;Numero de Cuenta:;0696872023;—;SOLO DETECCIÓN;METADATOS_EXTRACTO;CUENTA_EN_ARCHIVO;;SOLO CONTROL (no persistido como dato)
BISA_ME;CABECERA;Extracto de Movimientos;F6;Nombre de Cuenta:;UNIVALLE S.A.;—;PERDIDO;METADATOS_EXTRACTO;NOMBRE_CUENTA;;PERDIDO
BISA_ME;CABECERA;Extracto de Movimientos;D7;Producto:;Bisa Gestion;—;PERDIDO;METADATOS_EXTRACTO;PRODUCTO;;PERDIDO
BISA_ME;CABECERA;Extracto de Movimientos;F7;Moneda:;USD;—;SOLO DETECCIÓN (alternativa BISA);METADATOS_EXTRACTO;MONEDA_EN_ARCHIVO;;SOLO CONTROL (no persistido como dato)
BISA_ME;CABECERA;Extracto de Movimientos;D8;Estado de Cuenta:;Activa;—;PERDIDO;METADATOS_EXTRACTO;ESTADO_CUENTA;;PERDIDO
BISA_ME;CABECERA;Extracto de Movimientos;F8;Saldo Inicial:;28.542,78;—;SOLO VALIDACIÓN (hoja VALIDACION);METADATOS_EXTRACTO;SALDO_INICIAL_ARCHIVO;;SOLO CONTROL (no persistido como dato)
BISA_ME;CABECERA;Extracto de Movimientos;D9;Desde:;01/01/2026;—;PERDIDO;METADATOS_EXTRACTO;PERIODO_DESDE;;PERDIDO
BISA_ME;CABECERA;Extracto de Movimientos;F9;Hasta:;21/08/2026;—;PERDIDO;METADATOS_EXTRACTO;PERIODO_HASTA;;PERDIDO
BISA_ME;TABLA;Extracto de Movimientos;B (enc. fila 12);Fecha;(vacío en muestra);FECHA MOVIMIENTO;MAPEADO (año 2 dígitos);OPERATIVO + DATOS_ORIGINALES;FECHA;;MAPEADO
BISA_ME;TABLA;Extracto de Movimientos;C (enc. fila 12);Hora;(vacío en muestra);HORA MOVIMIENTO;MAPEADO;OPERATIVO + DATOS_ORIGINALES;HORA;;MAPEADO
BISA_ME;TABLA;Extracto de Movimientos;D (enc. fila 12);Nro. Cheque;(vacío en muestra);—;PERDIDO;DATOS_ORIGINALES;NRO_CHEQUE;Cheque (sin muestra);PERDIDO
BISA_ME;TABLA;Extracto de Movimientos;E (enc. fila 12);Descripción;(vacío en muestra);DESCRIPCIÓN;MAPEADO;OPERATIVO + DATOS_ORIGINALES;DESCRIPCION;;MAPEADO
BISA_ME;TABLA;Extracto de Movimientos;F (enc. fila 12);Importe;(vacío en muestra);IMPORTE / DÉBITO / CRÉDITO / TIPO;MAPEADO;OPERATIVO + DATOS_ORIGINALES;IMPORTE_FIRMADO;;MAPEADO
BISA_ME;TABLA;Extracto de Movimientos;G (enc. fila 12);Saldo;(vacío en muestra);SALDO;MAPEADO;OPERATIVO + DATOS_ORIGINALES;SALDO;;MAPEADO
BISA_ME;TABLA;Extracto de Movimientos;H (enc. fila 12);Info. Complementaria;(vacío en muestra);INFORMACIÓN ADICIONAL;MAPEADO (nombre/doc no extraídos a DEPOSITANTE);OPERATIVO + DATOS_ORIGINALES;INFO_COMPLEMENTARIA;(sin muestra);MAPEADO
BISA_ME;TABLA;Extracto de Movimientos;I (enc. fila 12);Sucursal;(vacío en muestra);"INFORMACIÓN ADICIONAL (""Sucursal: "")";EN TEXTO ETIQUETADO;OPERATIVO + DATOS_ORIGINALES;SUCURSAL_AGENCIA;;EN TEXTO LIBRE
BISA_ME;TABLA;Extracto de Movimientos;J (enc. fila 12);Canal;(vacío en muestra);"INFORMACIÓN ADICIONAL (""Canal: "")";EN TEXTO ETIQUETADO;OPERATIVO + DATOS_ORIGINALES;CANAL;;EN TEXTO LIBRE
BISA_ME;TABLA;Extracto de Movimientos;K (enc. fila 12);Nro. Ref.;(vacío en muestra);CÓDIGO DE ASIGNACIÓN;MAPEADO;OPERATIVO + DATOS_ORIGINALES;REFERENCIA;;MAPEADO
BISA_ME;TABLA;Extracto de Movimientos;L (enc. fila 12);Codigo;(vacío en muestra);—;PERDIDO;DATOS_ORIGINALES;CODIGO_BANCO_TRX;;PERDIDO
BISA_ME;TABLA;Extracto de Movimientos;M (enc. fila 12);Nro. Lote;(vacío en muestra);—;PERDIDO;DATOS_ORIGINALES;NRO_LOTE;;PERDIDO
BISA_ME;PIE;Extracto de Movimientos;E13;Total Creditos:;0,00;—;PERDIDO (útil para control);METADATOS_EXTRACTO;TOTAL_CREDITOS_PIE;;PERDIDO
BISA_ME;PIE;Extracto de Movimientos;E14;Total Debitos:;0,00;—;PERDIDO (útil para control);METADATOS_EXTRACTO;TOTAL_DEBITOS_PIE;;PERDIDO
BISA_MN;CABECERA;Extracto de Movimientos;C1;21/08/2026 08:53;;—;PERDIDO;METADATOS_EXTRACTO;FECHA_HORA_EMISION;;PERDIDO
BISA_MN;CABECERA;Extracto de Movimientos;A2;Cliente Nro.:;0000069687(lvelasquezs26);—;PERDIDO;METADATOS_EXTRACTO;CLIENTE_NRO / USUARIO_CONSULTA;;PERDIDO
BISA_MN;CABECERA;Extracto de Movimientos;D2;Banco Bisa;;—;SOLO DETECCIÓN;METADATOS_EXTRACTO;TITULO_REPORTE;;SOLO CONTROL (no persistido como dato)
BISA_MN;CABECERA;Extracto de Movimientos;A3;Nombre:;UNIVALLE S.A.;—;PERDIDO;METADATOS_EXTRACTO;TITULAR;;PERDIDO
BISA_MN;CABECERA;Extracto de Movimientos;D3;Al:21/08/2026 08:53;;—;PERDIDO;METADATOS_EXTRACTO;FECHA_CORTE;;PERDIDO
BISA_MN;CABECERA;Extracto de Movimientos;D6;Numero de Cuenta:;0696870039;—;SOLO DETECCIÓN;METADATOS_EXTRACTO;CUENTA_EN_ARCHIVO;;SOLO CONTROL (no persistido como dato)
BISA_MN;CABECERA;Extracto de Movimientos;F6;Nombre de Cuenta:;UNIVALLE S.A.;—;PERDIDO;METADATOS_EXTRACTO;NOMBRE_CUENTA;;PERDIDO
BISA_MN;CABECERA;Extracto de Movimientos;D7;Producto:;Bisa Gestion;—;PERDIDO;METADATOS_EXTRACTO;PRODUCTO;;PERDIDO
BISA_MN;CABECERA;Extracto de Movimientos;F7;Moneda:;Bs;—;SOLO DETECCIÓN (alternativa BISA);METADATOS_EXTRACTO;MONEDA_EN_ARCHIVO;;SOLO CONTROL (no persistido como dato)
BISA_MN;CABECERA;Extracto de Movimientos;D8;Estado de Cuenta:;Activa;—;PERDIDO;METADATOS_EXTRACTO;ESTADO_CUENTA;;PERDIDO
BISA_MN;CABECERA;Extracto de Movimientos;F8;Saldo Inicial:;62.687,52;—;SOLO VALIDACIÓN (hoja VALIDACION);METADATOS_EXTRACTO;SALDO_INICIAL_ARCHIVO;;SOLO CONTROL (no persistido como dato)
BISA_MN;CABECERA;Extracto de Movimientos;D9;Desde:;01/08/2026;—;PERDIDO;METADATOS_EXTRACTO;PERIODO_DESDE;;PERDIDO
BISA_MN;CABECERA;Extracto de Movimientos;F9;Hasta:;21/08/2026;—;PERDIDO;METADATOS_EXTRACTO;PERIODO_HASTA;;PERDIDO
BISA_MN;TABLA;Extracto de Movimientos;B (enc. fila 12);Fecha;17/08/26;FECHA MOVIMIENTO;MAPEADO (año 2 dígitos);OPERATIVO + DATOS_ORIGINALES;FECHA;;MAPEADO
BISA_MN;TABLA;Extracto de Movimientos;C (enc. fila 12);Hora;10:02;HORA MOVIMIENTO;MAPEADO;OPERATIVO + DATOS_ORIGINALES;HORA;;MAPEADO
BISA_MN;TABLA;Extracto de Movimientos;D (enc. fila 12);Nro. Cheque;0;—;PERDIDO;DATOS_ORIGINALES;NRO_CHEQUE;Cheque (sin muestra);PERDIDO
BISA_MN;TABLA;Extracto de Movimientos;E (enc. fila 12);Descripción;Transferencia terceros eBISA;DESCRIPCIÓN;MAPEADO;OPERATIVO + DATOS_ORIGINALES;DESCRIPCION;;MAPEADO
BISA_MN;TABLA;Extracto de Movimientos;F (enc. fila 12);Importe;1.139,00;IMPORTE / DÉBITO / CRÉDITO / TIPO;MAPEADO;OPERATIVO + DATOS_ORIGINALES;IMPORTE_FIRMADO;;MAPEADO
BISA_MN;TABLA;Extracto de Movimientos;G (enc. fila 12);Saldo;63.826,52;SALDO;MAPEADO;OPERATIVO + DATOS_ORIGINALES;SALDO;;MAPEADO
BISA_MN;TABLA;Extracto de Movimientos;H (enc. fila 12);Info. Complementaria;Nombre:FRIAS NATALIA Doc.ID:CCB-3816500 Num.Ctl:5351247217 Empresa:Pag;INFORMACIÓN ADICIONAL;MAPEADO (nombre/doc no extraídos a DEPOSITANTE);OPERATIVO + DATOS_ORIGINALES;INFO_COMPLEMENTARIA;(sin muestra);MAPEADO
BISA_MN;TABLA;Extracto de Movimientos;I (enc. fila 12);Sucursal;CB - Principal;"INFORMACIÓN ADICIONAL (""Sucursal: "")";EN TEXTO ETIQUETADO;OPERATIVO + DATOS_ORIGINALES;SUCURSAL_AGENCIA;;EN TEXTO LIBRE
BISA_MN;TABLA;Extracto de Movimientos;J (enc. fila 12);Canal;e-BISA;"INFORMACIÓN ADICIONAL (""Canal: "")";EN TEXTO ETIQUETADO;OPERATIVO + DATOS_ORIGINALES;CANAL;;EN TEXTO LIBRE
BISA_MN;TABLA;Extracto de Movimientos;K (enc. fila 12);Nro. Ref.;53519247217;CÓDIGO DE ASIGNACIÓN;MAPEADO;OPERATIVO + DATOS_ORIGINALES;REFERENCIA;;MAPEADO
BISA_MN;TABLA;Extracto de Movimientos;L (enc. fila 12);Codigo;034;—;PERDIDO;DATOS_ORIGINALES;CODIGO_BANCO_TRX;;PERDIDO
BISA_MN;TABLA;Extracto de Movimientos;M (enc. fila 12);Nro. Lote;(vacío en muestra);—;PERDIDO;DATOS_ORIGINALES;NRO_LOTE;;PERDIDO
BISA_MN;PIE;Extracto de Movimientos;E14;Total Creditos:;1.139,00;—;PERDIDO (útil para control);METADATOS_EXTRACTO;TOTAL_CREDITOS_PIE;;PERDIDO
BISA_MN;PIE;Extracto de Movimientos;E15;Total Debitos:;0,00;—;PERDIDO (útil para control);METADATOS_EXTRACTO;TOTAL_DEBITOS_PIE;;PERDIDO
BNB_AHORRO;CABECERA;Hoja;A1;Número De cuenta;3501936692;—;SOLO DETECCIÓN;METADATOS_EXTRACTO;CUENTA_EN_ARCHIVO;;SOLO CONTROL (no persistido como dato)
BNB_AHORRO;TABLA;Hoja;A (enc. fila 2);Fecha;03/08/2026;FECHA MOVIMIENTO;MAPEADO;OPERATIVO + DATOS_ORIGINALES;FECHA;;MAPEADO
BNB_AHORRO;TABLA;Hoja;B (enc. fila 2);Hora;12:38:22;HORA MOVIMIENTO;MAPEADO;OPERATIVO + DATOS_ORIGINALES;HORA;;MAPEADO
BNB_AHORRO;TABLA;Hoja;C (enc. fila 2);Oficina;COCHABAMBA-AGENCIA CENTRAL;—;PERDIDO;DATOS_ORIGINALES;OFICINA;Agencia de cobro;PERDIDO
BNB_AHORRO;TABLA;Hoja;D (enc. fila 2);Descripción;AB.CTA.P/MOVIL;DESCRIPCIÓN;MAPEADO;OPERATIVO + DATOS_ORIGINALES;DESCRIPCION;Tipo de débito;MAPEADO
BNB_AHORRO;TABLA;Hoja;E (enc. fila 2);Referencia;SOUVENIRS;—;PERDIDO;DATOS_ORIGINALES;REFERENCIA;Nro. cheque / ref. pago web;PERDIDO
BNB_AHORRO;TABLA;Hoja;F (enc. fila 2);Código de transacción;3P63339949;CÓDIGO DE ASIGNACIÓN;MAPEADO;OPERATIVO + DATOS_ORIGINALES;CODIGO_TRANSACCION;;MAPEADO
BNB_AHORRO;TABLA;Hoja;G (enc. fila 2);ITF;0.00;—;PERDIDO;DATOS_ORIGINALES;ITF;Impuesto;PERDIDO
BNB_AHORRO;TABLA;Hoja;H (enc. fila 2);Débitos;(vacío en muestra);DÉBITO / IMPORTE / TIPO;MAPEADO (texto original transformado a número);OPERATIVO + DATOS_ORIGINALES;DEBITO;Monto;MAPEADO
BNB_AHORRO;TABLA;Hoja;I (enc. fila 2);Créditos;25.00;CRÉDITO / IMPORTE / TIPO;MAPEADO (texto original transformado a número);OPERATIVO + DATOS_ORIGINALES;CREDITO;;MAPEADO
BNB_AHORRO;TABLA;Hoja;J (enc. fila 2);Saldo;256,422.49;SALDO;MAPEADO;OPERATIVO + DATOS_ORIGINALES;SALDO;;MAPEADO
BNB_AHORRO;TABLA;Hoja;K (enc. fila 2);Adicionales;Cuenta Origen: 3501354030. Nombre: GONZALES M ALVARO;INFORMACIÓN ADICIONAL (completo) + DEPOSITANTE / ORIGINANTE (regex);"MAPEADO; DEPOSITANTE sobre-captura y en débitos guarda al BENEFICIARIO";OPERATIVO + DATOS_ORIGINALES;ADICIONALES;Cuenta/Nombre/Banco destino, concepto;MAPEADO
BNB_ME;CABECERA;Hoja 1;A1;Número De cuenta;3400041236;—;SOLO DETECCIÓN;METADATOS_EXTRACTO;CUENTA_EN_ARCHIVO;;SOLO CONTROL (no persistido como dato)
BNB_ME;TABLA;Hoja 1;A (enc. fila 2);Fecha;04/08/2026;FECHA MOVIMIENTO;MAPEADO;OPERATIVO + DATOS_ORIGINALES;FECHA;;MAPEADO
BNB_ME;TABLA;Hoja 1;B (enc. fila 2);Hora;15:02:40;HORA MOVIMIENTO;MAPEADO;OPERATIVO + DATOS_ORIGINALES;HORA;;MAPEADO
BNB_ME;TABLA;Hoja 1;C (enc. fila 2);Oficina;GERENCIA GENERAL-OFICINA CENTRAL;—;PERDIDO;DATOS_ORIGINALES;OFICINA;Agencia de cobro;PERDIDO
BNB_ME;TABLA;Hoja 1;D (enc. fila 2);Descripción;Abono en Cta. por Giro Ext.;DESCRIPCIÓN;MAPEADO;OPERATIVO + DATOS_ORIGINALES;DESCRIPCION;Tipo de débito;MAPEADO
BNB_ME;TABLA;Hoja 1;E (enc. fila 2);Referencia;0000335;—;PERDIDO;DATOS_ORIGINALES;REFERENCIA;Nro. cheque / ref. pago web;PERDIDO
BNB_ME;TABLA;Hoja 1;F (enc. fila 2);Código de transacción;3P84276353;CÓDIGO DE ASIGNACIÓN;MAPEADO;OPERATIVO + DATOS_ORIGINALES;CODIGO_TRANSACCION;;MAPEADO
BNB_ME;TABLA;Hoja 1;G (enc. fila 2);ITF;0.00;—;PERDIDO;DATOS_ORIGINALES;ITF;Impuesto;PERDIDO
BNB_ME;TABLA;Hoja 1;H (enc. fila 2);Débitos;1,601.60;DÉBITO / IMPORTE / TIPO;MAPEADO (texto original transformado a número);OPERATIVO + DATOS_ORIGINALES;DEBITO;Monto;MAPEADO
BNB_ME;TABLA;Hoja 1;I (enc. fila 2);Créditos;492.55;CRÉDITO / IMPORTE / TIPO;MAPEADO (texto original transformado a número);OPERATIVO + DATOS_ORIGINALES;CREDITO;;MAPEADO
BNB_ME;TABLA;Hoja 1;J (enc. fila 2);Saldo;144,159.74;SALDO;MAPEADO;OPERATIVO + DATOS_ORIGINALES;SALDO;;MAPEADO
BNB_ME;TABLA;Hoja 1;K (enc. fila 2);Adicionales;"Nombre:MELVY ROXANA CRUZ MOBO; Doc.ID:4511776";INFORMACIÓN ADICIONAL (completo) + DEPOSITANTE / ORIGINANTE (regex);"MAPEADO; DEPOSITANTE sobre-captura y en débitos guarda al BENEFICIARIO";OPERATIVO + DATOS_ORIGINALES;ADICIONALES;Cuenta/Nombre/Banco destino, concepto;MAPEADO
BNB_MN;CABECERA;Hoja 1;A1;Número De cuenta;3000100152;—;SOLO DETECCIÓN;METADATOS_EXTRACTO;CUENTA_EN_ARCHIVO;;SOLO CONTROL (no persistido como dato)
BNB_MN;TABLA;Hoja 1;A (enc. fila 2);Fecha;01/08/2026;FECHA MOVIMIENTO;MAPEADO;OPERATIVO + DATOS_ORIGINALES;FECHA;;MAPEADO
BNB_MN;TABLA;Hoja 1;B (enc. fila 2);Hora;09:10:12;HORA MOVIMIENTO;MAPEADO;OPERATIVO + DATOS_ORIGINALES;HORA;;MAPEADO
BNB_MN;TABLA;Hoja 1;C (enc. fila 2);Oficina;COCHABAMBA-AGENCIA UNIVALLE (EXPRESS);—;PERDIDO;DATOS_ORIGINALES;OFICINA;Agencia de cobro;PERDIDO
BNB_MN;TABLA;Hoja 1;D (enc. fila 2);Descripción;Deposito Efectivo;DESCRIPCIÓN;MAPEADO;OPERATIVO + DATOS_ORIGINALES;DESCRIPCION;Tipo de débito;MAPEADO
BNB_MN;TABLA;Hoja 1;E (enc. fila 2);Referencia;7015087214;—;PERDIDO;DATOS_ORIGINALES;REFERENCIA;Nro. cheque / ref. pago web;PERDIDO
BNB_MN;TABLA;Hoja 1;F (enc. fila 2);Código de transacción;3P81086749;CÓDIGO DE ASIGNACIÓN;MAPEADO;OPERATIVO + DATOS_ORIGINALES;CODIGO_TRANSACCION;;MAPEADO
BNB_MN;TABLA;Hoja 1;G (enc. fila 2);ITF;0.00;—;PERDIDO;DATOS_ORIGINALES;ITF;Impuesto;PERDIDO
BNB_MN;TABLA;Hoja 1;H (enc. fila 2);Débitos;8,153.18;DÉBITO / IMPORTE / TIPO;MAPEADO (texto original transformado a número);OPERATIVO + DATOS_ORIGINALES;DEBITO;Monto;MAPEADO
BNB_MN;TABLA;Hoja 1;I (enc. fila 2);Créditos;65,972.00;CRÉDITO / IMPORTE / TIPO;MAPEADO (texto original transformado a número);OPERATIVO + DATOS_ORIGINALES;CREDITO;;MAPEADO
BNB_MN;TABLA;Hoja 1;J (enc. fila 2);Saldo;7,352,914.48;SALDO;MAPEADO;OPERATIVO + DATOS_ORIGINALES;SALDO;;MAPEADO
BNB_MN;TABLA;Hoja 1;K (enc. fila 2);Adicionales;Cuenta Origen: 7015087214336. Nombre Originante: MULTIPAGOS S.R.L.. Ba;INFORMACIÓN ADICIONAL (completo) + DEPOSITANTE / ORIGINANTE (regex);"MAPEADO; DEPOSITANTE sobre-captura y en débitos guarda al BENEFICIARIO";OPERATIVO + DATOS_ORIGINALES;ADICIONALES;Cuenta/Nombre/Banco destino, concepto;MAPEADO
BNB_CLINICA;CABECERA;Hoja 1;A1;Número De cuenta;3000100705;—;SOLO DETECCIÓN;METADATOS_EXTRACTO;CUENTA_EN_ARCHIVO;;SOLO CONTROL (no persistido como dato)
BNB_CLINICA;TABLA;Hoja 1;A (enc. fila 2);Fecha;01/08/2026;FECHA MOVIMIENTO;MAPEADO;OPERATIVO + DATOS_ORIGINALES;FECHA;;MAPEADO
BNB_CLINICA;TABLA;Hoja 1;B (enc. fila 2);Hora;11:59:12;HORA MOVIMIENTO;MAPEADO;OPERATIVO + DATOS_ORIGINALES;HORA;;MAPEADO
BNB_CLINICA;TABLA;Hoja 1;C (enc. fila 2);Oficina;COCHABAMBA-OFICINA CENTRAL;—;PERDIDO;DATOS_ORIGINALES;OFICINA;Agencia de cobro;PERDIDO
BNB_CLINICA;TABLA;Hoja 1;D (enc. fila 2);Descripción;Deposito Efectivo;DESCRIPCIÓN;MAPEADO;OPERATIVO + DATOS_ORIGINALES;DESCRIPCION;Tipo de débito;MAPEADO
BNB_CLINICA;TABLA;Hoja 1;E (enc. fila 2);Referencia;(vacío en muestra);—;PERDIDO;DATOS_ORIGINALES;REFERENCIA;Nro. cheque / ref. pago web;PERDIDO
BNB_CLINICA;TABLA;Hoja 1;F (enc. fila 2);Código de transacción;3P81180294;CÓDIGO DE ASIGNACIÓN;MAPEADO;OPERATIVO + DATOS_ORIGINALES;CODIGO_TRANSACCION;;MAPEADO
BNB_CLINICA;TABLA;Hoja 1;G (enc. fila 2);ITF;0.00;—;PERDIDO;DATOS_ORIGINALES;ITF;Impuesto;PERDIDO
BNB_CLINICA;TABLA;Hoja 1;H (enc. fila 2);Débitos;(vacío en muestra);DÉBITO / IMPORTE / TIPO;MAPEADO (texto original transformado a número);OPERATIVO + DATOS_ORIGINALES;DEBITO;Monto;MAPEADO
BNB_CLINICA;TABLA;Hoja 1;I (enc. fila 2);Créditos;6,118.00;CRÉDITO / IMPORTE / TIPO;MAPEADO (texto original transformado a número);OPERATIVO + DATOS_ORIGINALES;CREDITO;;MAPEADO
BNB_CLINICA;TABLA;Hoja 1;J (enc. fila 2);Saldo;55,442.86;SALDO;MAPEADO;OPERATIVO + DATOS_ORIGINALES;SALDO;;MAPEADO
BNB_CLINICA;TABLA;Hoja 1;K (enc. fila 2);Adicionales;"Nombre:LIMBERT TOLA MORALES; Doc.ID:6464365";INFORMACIÓN ADICIONAL (completo) + DEPOSITANTE / ORIGINANTE (regex);"MAPEADO; DEPOSITANTE sobre-captura y en débitos guarda al BENEFICIARIO";OPERATIVO + DATOS_ORIGINALES;ADICIONALES;Cuenta/Nombre/Banco destino, concepto;MAPEADO
ECO_CTA_CTE;CABECERA;Extracto;A1;Extracto de Cuenta Corriente;;—;PERDIDO;METADATOS_EXTRACTO;TITULO_REPORTE;;PERDIDO
ECO_CTA_CTE;CABECERA;Extracto;A2;En Bolivianos;;—;PERDIDO;METADATOS_EXTRACTO;MONEDA_EN_ARCHIVO;;PERDIDO
ECO_CTA_CTE;CABECERA;Extracto;A3;Del 01/Ago/2026 al 21/Ago/2026;;—;PERDIDO;METADATOS_EXTRACTO;PERIODO_TEXTO;;PERDIDO
ECO_CTA_CTE;CABECERA;Extracto;A4;Titular:;UNIVERSIDAD PRIVADA DEL VALLE S.A.;—;PERDIDO;METADATOS_EXTRACTO;TITULAR;;PERDIDO
ECO_CTA_CTE;CABECERA;Extracto;E4;Cuenta:;CC: 3041210569 (Bs);—;SOLO DETECCIÓN (texto literal perdido);METADATOS_EXTRACTO;CUENTA_EN_ARCHIVO;;SOLO CONTROL (no persistido como dato)
ECO_CTA_CTE;CABECERA;Extracto;K4;Saldo Inicial:;235,198.61;—;SOLO VALIDACIÓN (hoja VALIDACION);METADATOS_EXTRACTO;SALDO_INICIAL_ARCHIVO;;SOLO CONTROL (no persistido como dato)
ECO_CTA_CTE;CABECERA;Extracto;A5;Otros Titulares:;;—;PERDIDO;METADATOS_EXTRACTO;OTROS_TITULARES;;PERDIDO
ECO_CTA_CTE;CABECERA;Extracto;E5;Producto:;BASICA-PERSONA JURIDICA;—;PERDIDO;METADATOS_EXTRACTO;PRODUCTO;;PERDIDO
ECO_CTA_CTE;CABECERA;Extracto;K5;Saldo Final:;647,240.28;—;SOLO VALIDACIÓN (hoja VALIDACION);METADATOS_EXTRACTO;SALDO_FINAL_ARCHIVO;;SOLO CONTROL (no persistido como dato)
ECO_CTA_CTE;CABECERA;Extracto;A6;Estado:;ACTIVA;—;PERDIDO;METADATOS_EXTRACTO;ESTADO_CUENTA;;PERDIDO
ECO_CTA_CTE;CABECERA;Extracto;E6;Administracion:;Empresarial;—;PERDIDO;METADATOS_EXTRACTO;ADMINISTRACION;;PERDIDO
ECO_CTA_CTE;CABECERA;Extracto;K6;Retenciones Judiciales:;0.00;—;PERDIDO;METADATOS_EXTRACTO;RETENCIONES_JUDICIALES;;PERDIDO
ECO_CTA_CTE;CABECERA;Extracto;K7;Fondos Reservados:;0.00;—;PERDIDO;METADATOS_EXTRACTO;FONDOS_RESERVADOS;;PERDIDO
ECO_CTA_CTE;CABECERA;Extracto;K8;Dep. por confirmar:;0.00;—;PERDIDO;METADATOS_EXTRACTO;DEP_POR_CONFIRMAR;;PERDIDO
ECO_CTA_CTE;CABECERA;Extracto;A10;Busqueda de texto:;;—;PERDIDO;METADATOS_EXTRACTO;FILTRO_TEXTO;;PERDIDO
ECO_CTA_CTE;CABECERA;Extracto;A11;Monto mínimo:;0.00;—;PERDIDO;METADATOS_EXTRACTO;FILTRO_MONTO_MIN;;PERDIDO
ECO_CTA_CTE;CABECERA;Extracto;A12;Monto máximo:;0.00;—;PERDIDO;METADATOS_EXTRACTO;FILTRO_MONTO_MAX;;PERDIDO
ECO_CTA_CTE;CABECERA;Extracto;A13;Rango de fechas:;Personalizado;—;PERDIDO;METADATOS_EXTRACTO;FILTRO_RANGO;;PERDIDO
ECO_CTA_CTE;CABECERA;Extracto;A14;Fecha inicio:;01/Ago/2026;—;PERDIDO;METADATOS_EXTRACTO;PERIODO_DESDE;;PERDIDO
ECO_CTA_CTE;CABECERA;Extracto;A15;Fecha fin:;21/Ago/2026;—;PERDIDO;METADATOS_EXTRACTO;PERIODO_HASTA;;PERDIDO
ECO_CTA_CTE;TABLA;Extracto;A (enc. fila 17);Fecha;01/Ago/2026;FECHA MOVIMIENTO;MAPEADO (mes abreviado);OPERATIVO + DATOS_ORIGINALES;FECHA;;MAPEADO
ECO_CTA_CTE;TABLA;Extracto;B (enc. fila 17);Hora;17:02:29;HORA MOVIMIENTO;MAPEADO;OPERATIVO + DATOS_ORIGINALES;HORA;;MAPEADO
ECO_CTA_CTE;TABLA;Extracto;C (enc. fila 17);Nro Trn./Cheque;358943146;CÓDIGO DE ASIGNACIÓN;MAPEADO;OPERATIVO + DATOS_ORIGINALES;NRO_OPERACION;Nro. trn/cheque;MAPEADO
ECO_CTA_CTE;TABLA;Extracto;E (enc. fila 17);Transacción;CREDITO ACH QR;DESCRIPCIÓN;MAPEADO;OPERATIVO + DATOS_ORIGINALES;TIPO_TRANSACCION;Tipo de cargo;MAPEADO
ECO_CTA_CTE;TABLA;Extracto;I (enc. fila 17);Nota;BAZAN MEDINA DIANARA (B.UNION) INGRESOS CURSOS PREGRADO;INFORMACIÓN ADICIONAL;MAPEADO (nombre no extraído a DEPOSITANTE);OPERATIVO + DATOS_ORIGINALES;NOTA;Concepto;MAPEADO
ECO_CTA_CTE;TABLA;Extracto;L (enc. fila 17);Monto;996.08;IMPORTE / DÉBITO / CRÉDITO / TIPO;MAPEADO;OPERATIVO + DATOS_ORIGINALES;IMPORTE_FIRMADO;Monto negativo;MAPEADO
ECO_CTA_CTE;TABLA;Extracto;M (enc. fila 17);Saldo;236194.69;SALDO;MAPEADO;OPERATIVO + DATOS_ORIGINALES;SALDO;;MAPEADO
ECO_AHORRO;CABECERA;Extracto;A1;Extracto de Caja de Ahorros;;—;PERDIDO;METADATOS_EXTRACTO;TITULO_REPORTE;;PERDIDO
ECO_AHORRO;CABECERA;Extracto;A2;En Bolivianos;;—;PERDIDO;METADATOS_EXTRACTO;MONEDA_EN_ARCHIVO;;PERDIDO
ECO_AHORRO;CABECERA;Extracto;A3;Del 01/Ago/2026 al 21/Ago/2026;;—;PERDIDO;METADATOS_EXTRACTO;PERIODO_TEXTO;;PERDIDO
ECO_AHORRO;CABECERA;Extracto;A4;Titular:;UNIVERSIDAD PRIVADA DEL VALLE S.A.;—;PERDIDO;METADATOS_EXTRACTO;TITULAR;;PERDIDO
ECO_AHORRO;CABECERA;Extracto;E4;Cuenta:;CA: 3051446946 (Bs);—;SOLO DETECCIÓN (texto literal perdido);METADATOS_EXTRACTO;CUENTA_EN_ARCHIVO;;SOLO CONTROL (no persistido como dato)
ECO_AHORRO;CABECERA;Extracto;K4;Saldo Inicial:;61,601.86;—;SOLO VALIDACIÓN (hoja VALIDACION);METADATOS_EXTRACTO;SALDO_INICIAL_ARCHIVO;;SOLO CONTROL (no persistido como dato)
ECO_AHORRO;CABECERA;Extracto;A5;Otros Titulares:;;—;PERDIDO;METADATOS_EXTRACTO;OTROS_TITULARES;;PERDIDO
ECO_AHORRO;CABECERA;Extracto;E5;Producto:;BASICA;—;PERDIDO;METADATOS_EXTRACTO;PRODUCTO;;PERDIDO
ECO_AHORRO;CABECERA;Extracto;K5;Saldo Final:;67,601.86;—;SOLO VALIDACIÓN (hoja VALIDACION);METADATOS_EXTRACTO;SALDO_FINAL_ARCHIVO;;SOLO CONTROL (no persistido como dato)
ECO_AHORRO;CABECERA;Extracto;A6;Estado:;ACTIVA;—;PERDIDO;METADATOS_EXTRACTO;ESTADO_CUENTA;;PERDIDO
ECO_AHORRO;CABECERA;Extracto;E6;Administracion:;Empresarial;—;PERDIDO;METADATOS_EXTRACTO;ADMINISTRACION;;PERDIDO
ECO_AHORRO;CABECERA;Extracto;K6;Retenciones Judiciales:;0.00;—;PERDIDO;METADATOS_EXTRACTO;RETENCIONES_JUDICIALES;;PERDIDO
ECO_AHORRO;CABECERA;Extracto;K7;Fondos Reservados:;0.00;—;PERDIDO;METADATOS_EXTRACTO;FONDOS_RESERVADOS;;PERDIDO
ECO_AHORRO;CABECERA;Extracto;K8;Dep. por confirmar:;0.00;—;PERDIDO;METADATOS_EXTRACTO;DEP_POR_CONFIRMAR;;PERDIDO
ECO_AHORRO;CABECERA;Extracto;A10;Busqueda de texto:;;—;PERDIDO;METADATOS_EXTRACTO;FILTRO_TEXTO;;PERDIDO
ECO_AHORRO;CABECERA;Extracto;A11;Monto mínimo:;0.00;—;PERDIDO;METADATOS_EXTRACTO;FILTRO_MONTO_MIN;;PERDIDO
ECO_AHORRO;CABECERA;Extracto;A12;Monto máximo:;0.00;—;PERDIDO;METADATOS_EXTRACTO;FILTRO_MONTO_MAX;;PERDIDO
ECO_AHORRO;CABECERA;Extracto;A13;Rango de fechas:;Personalizado;—;PERDIDO;METADATOS_EXTRACTO;FILTRO_RANGO;;PERDIDO
ECO_AHORRO;CABECERA;Extracto;A14;Fecha inicio:;01/Ago/2026;—;PERDIDO;METADATOS_EXTRACTO;PERIODO_DESDE;;PERDIDO
ECO_AHORRO;CABECERA;Extracto;A15;Fecha fin:;21/Ago/2026;—;PERDIDO;METADATOS_EXTRACTO;PERIODO_HASTA;;PERDIDO
ECO_AHORRO;TABLA;Extracto;A (enc. fila 17);Fecha;18/Ago/2026;FECHA MOVIMIENTO;MAPEADO (mes abreviado);OPERATIVO + DATOS_ORIGINALES;FECHA;;MAPEADO
ECO_AHORRO;TABLA;Extracto;B (enc. fila 17);Hora;13:03:10;HORA MOVIMIENTO;MAPEADO;OPERATIVO + DATOS_ORIGINALES;HORA;;MAPEADO
ECO_AHORRO;TABLA;Extracto;C (enc. fila 17);Nro Trn./Cheque;218736218;CÓDIGO DE ASIGNACIÓN;MAPEADO;OPERATIVO + DATOS_ORIGINALES;NRO_OPERACION;Nro. trn/cheque;MAPEADO
ECO_AHORRO;TABLA;Extracto;E (enc. fila 17);Transacción;DEPOSITO DE EFECTIVO;DESCRIPCIÓN;MAPEADO;OPERATIVO + DATOS_ORIGINALES;TIPO_TRANSACCION;Tipo de cargo;MAPEADO
ECO_AHORRO;TABLA;Extracto;I (enc. fila 17);Nota;PILAR ESCOBAR LAURA;INFORMACIÓN ADICIONAL;MAPEADO (nombre no extraído a DEPOSITANTE);OPERATIVO + DATOS_ORIGINALES;NOTA;Concepto;MAPEADO
ECO_AHORRO;TABLA;Extracto;L (enc. fila 17);Monto;6000.0;IMPORTE / DÉBITO / CRÉDITO / TIPO;MAPEADO;OPERATIVO + DATOS_ORIGINALES;IMPORTE_FIRMADO;Monto negativo;MAPEADO
ECO_AHORRO;TABLA;Extracto;M (enc. fila 17);Saldo;67601.86;SALDO;MAPEADO;OPERATIVO + DATOS_ORIGINALES;SALDO;;MAPEADO
BMSC;CABECERA;Excel;A1;Extracto de cuenta;;—;PERDIDO;METADATOS_EXTRACTO;TITULO_REPORTE;;PERDIDO
BMSC;CABECERA;Excel;A3;Banco Mercantil Santa Cruz;;—;SOLO DETECCIÓN;METADATOS_EXTRACTO;TITULO_REPORTE;;SOLO CONTROL (no persistido como dato)
BMSC;CABECERA;Excel;A5;Titular;;—;PERDIDO;METADATOS_EXTRACTO;TEXTO_CABECERA;;PERDIDO
BMSC;CABECERA;Excel;A6;UNIVERSIDAD PRIVADA DEL VALLE S.A.;;—;PERDIDO;METADATOS_EXTRACTO;TITULAR;;PERDIDO
BMSC;CABECERA;Excel;A7;Nro de Cuenta:;1000872489;—;NO USADO (BMSC no verifica cuenta);METADATOS_EXTRACTO;CUENTA_EN_ARCHIVO;;PERDIDO
BMSC;CABECERA;Excel;M7;Fecha de emisión:;21/08/2026;—;PERDIDO;METADATOS_EXTRACTO;FECHA_EMISION;;PERDIDO
BMSC;CABECERA;Excel;A8;Tipo de producto:;CUENTA CORRIENTE;—;PERDIDO;METADATOS_EXTRACTO;PRODUCTO;;PERDIDO
BMSC;CABECERA;Excel;M8;Saldo:;Bs 201,662.79;—;PERDIDO;METADATOS_EXTRACTO;SALDO_REPORTADO;;PERDIDO
BMSC;CABECERA;Excel;A10;Movimientos;;—;PERDIDO;METADATOS_EXTRACTO;TITULO_SECCION;;PERDIDO
BMSC;CABECERA;Excel;A11;01/08/2026 - 21/08/2026;;—;PERDIDO;METADATOS_EXTRACTO;PERIODO_TEXTO;;PERDIDO
BMSC;TABLA;Excel;A (enc. fila 12);Fecha;12/08/2026;FECHA MOVIMIENTO;MAPEADO;OPERATIVO + DATOS_ORIGINALES;FECHA;;MAPEADO
BMSC;TABLA;Excel;B (enc. fila 12);Hora;17:31:00;HORA MOVIMIENTO;MAPEADO;OPERATIVO + DATOS_ORIGINALES;HORA;;MAPEADO
BMSC;TABLA;Excel;C (enc. fila 12);Cod. Bca.;TT26224V735L;CÓDIGO DE ASIGNACIÓN;MAPEADO;OPERATIVO + DATOS_ORIGINALES;CODIGO_BANCO_TRX;;MAPEADO
BMSC;TABLA;Excel;D (enc. fila 12);Nro.Cheque;(vacío en muestra);—;PERDIDO;DATOS_ORIGINALES;NRO_CHEQUE;Cheque (sin muestra);PERDIDO
BMSC;TABLA;Excel;E (enc. fila 12);Nro/Nom.Plantilla;(vacío en muestra);—;PERDIDO;DATOS_ORIGINALES;PLANTILLA;Planilla (sin muestra);PERDIDO
BMSC;TABLA;Excel;F (enc. fila 12);Cod.Dep.Num;(vacío en muestra);—;PERDIDO;DATOS_ORIGINALES;COD_DEP_NUM;;PERDIDO
BMSC;TABLA;Excel;G (enc. fila 12);Doc.Depositante;4153606TJ;"INFORMACIÓN ADICIONAL (""DOC: "")";EN TEXTO ETIQUETADO;OPERATIVO + DATOS_ORIGINALES;DEPOSITANTE_DOC;;EN TEXTO LIBRE
BMSC;TABLA;Excel;H (enc. fila 12);Nombre/Denominación Depositante;CASTRILLO  DE ALTAMIRANO ROSARIO;DEPOSITANTE / ORIGINANTE;MAPEADO;OPERATIVO + DATOS_ORIGINALES;DEPOSITANTE_NOMBRE;;MAPEADO
BMSC;TABLA;Excel;I (enc. fila 12);Tipo transact;(vacío en muestra);—;PERDIDO;DATOS_ORIGINALES;TIPO_TRANSACCION;(sin muestra);PERDIDO
BMSC;TABLA;Excel;J (enc. fila 12);Descripción;DEPOSITO DE EFECTIVO 4153606TJ CASTRILLO  DE ALTAMIRANO ROSARIO;DESCRIPCIÓN;MAPEADO;OPERATIVO + DATOS_ORIGINALES;DESCRIPCION;;MAPEADO
BMSC;TABLA;Excel;K (enc. fila 12);Oficina;(vacío en muestra);—;PERDIDO;DATOS_ORIGINALES;OFICINA;;PERDIDO
BMSC;TABLA;Excel;L (enc. fila 12);Banco;BANCO MERCANTIL SANTA CRUZ S.A;—;PERDIDO;DATOS_ORIGINALES;BANCO_CONTRAPARTE;;PERDIDO
BMSC;TABLA;Excel;M (enc. fila 12);Tipo dep;(vacío en muestra);—;PERDIDO;DATOS_ORIGINALES;TIPO_DEPOSITO;;PERDIDO
BMSC;TABLA;Excel;N (enc. fila 12);Nom.Destinatario;(vacío en muestra);—;PERDIDO (clave en DÉBITOS);DATOS_ORIGINALES;DESTINATARIO_NOMBRE;Beneficiario (sin muestra);PERDIDO
BMSC;TABLA;Excel;O (enc. fila 12);Glosa;Transferencia;"INFORMACIÓN ADICIONAL (""GLOSA: "")";EN TEXTO ETIQUETADO;OPERATIVO + DATOS_ORIGINALES;GLOSA;;EN TEXTO LIBRE
BMSC;TABLA;Excel;P (enc. fila 12);Originador;(vacío en muestra);"INFORMACIÓN ADICIONAL (""ORIGINADOR: "")";EN TEXTO ETIQUETADO;OPERATIVO + DATOS_ORIGINALES;ORIGINADOR;;EN TEXTO LIBRE
BMSC;TABLA;Excel;Q (enc. fila 12);Originador ACH;MONTERO CORTEZ LUCIANA NICOLE;"INFORMACIÓN ADICIONAL (""ORIGINADOR ACH: "")";EN TEXTO ETIQUETADO;OPERATIVO + DATOS_ORIGINALES;ORIGINADOR_ACH;;EN TEXTO LIBRE
BMSC;TABLA;Excel;R (enc. fila 12);Ciudad Origen;TA;—;PERDIDO;DATOS_ORIGINALES;CIUDAD_ORIGEN;;PERDIDO
BMSC;TABLA;Excel;S (enc. fila 12);Débito;(vacío en muestra);DÉBITO / IMPORTE / TIPO;MAPEADO;OPERATIVO + DATOS_ORIGINALES;DEBITO;Monto (sin muestra);MAPEADO
BMSC;TABLA;Excel;T (enc. fila 12);Crédito;3,718.00;CRÉDITO / IMPORTE / TIPO;MAPEADO;OPERATIVO + DATOS_ORIGINALES;CREDITO;;MAPEADO
BMSC;TABLA;Excel;U (enc. fila 12);Saldo;198,142.79;SALDO;MAPEADO;OPERATIVO + DATOS_ORIGINALES;SALDO;;MAPEADO
BMSC;HOJA ADICIONAL;Reporte de Pagos;toda la hoja;DETALLE PLANILLA | Banco Mercantil Santa Cruz S.A. | Detalle de pagos | Nro Planilla: | Cuenta Débito: | Fecha Carga: | Fecha Vencimiento: | Estado Planilla: | Monto Total: | Identificación | Benefici;(solo encabezados, sin filas en la muestra);—;PERDIDO (hoja nunca leída);METADATO + RAW (todas las hojas);HOJA_EXTRA;;PERDIDO
UNION_MN;CABECERA;ExtractoMovimientosFechas;N2;Extracto de Movimientos;;—;PERDIDO;METADATOS_EXTRACTO;TITULO_REPORTE;;PERDIDO
UNION_MN;CABECERA;ExtractoMovimientosFechas;B6;UNIVERSIDAD PRIVADA DEL VALLE S.A.;;—;PERDIDO;METADATOS_EXTRACTO;TITULAR;;PERDIDO
UNION_MN;CABECERA;ExtractoMovimientosFechas;B8;Cuenta:;10000003224552;—;SOLO DETECCIÓN (texto literal perdido);METADATOS_EXTRACTO;CUENTA_EN_ARCHIVO;;SOLO CONTROL (no persistido como dato)
UNION_MN;CABECERA;ExtractoMovimientosFechas;B10;Producto:;UNICUENTA NORMAL PERSONA JURIDICA M/N;—;PERDIDO;METADATOS_EXTRACTO;PRODUCTO;;PERDIDO
UNION_MN;CABECERA;ExtractoMovimientosFechas;E12;Desde: 01/08/2026 Hasta: 21/08/2026;;—;PERDIDO;METADATOS_EXTRACTO;PERIODO_TEXTO;;PERDIDO
UNION_MN;CABECERA;ExtractoMovimientosFechas;A13;Descripción:;;—;PERDIDO;METADATOS_EXTRACTO;DESCRIPCION;;PERDIDO
UNION_MN;TABLA;ExtractoMovimientosFechas;B (enc. fila 16);Fecha Movimiento;01/08/2026;FECHA MOVIMIENTO;MAPEADO (sin hora en origen);OPERATIVO + DATOS_ORIGINALES;FECHA;;MAPEADO
UNION_MN;TABLA;ExtractoMovimientosFechas;D (enc. fila 16);AG;SUC;"INFORMACIÓN ADICIONAL (""AG: "")";EN TEXTO ETIQUETADO;OPERATIVO + DATOS_ORIGINALES;SUCURSAL_AGENCIA;;EN TEXTO LIBRE
UNION_MN;TABLA;ExtractoMovimientosFechas;H (enc. fila 16);Descripción;DEPOSITO A CUENTA;DESCRIPCIÓN;MAPEADO;OPERATIVO + DATOS_ORIGINALES;DESCRIPCION;(sin muestra de débito);MAPEADO
UNION_MN;TABLA;ExtractoMovimientosFechas;U (enc. fila 16);Nro Documento;74583632;CÓDIGO DE ASIGNACIÓN;MAPEADO;OPERATIVO + DATOS_ORIGINALES;NRO_DOCUMENTO;;MAPEADO
UNION_MN;TABLA;ExtractoMovimientosFechas;Z (enc. fila 16);Monto;700.00;IMPORTE / DÉBITO / CRÉDITO / TIPO;MAPEADO;OPERATIVO + DATOS_ORIGINALES;IMPORTE_FIRMADO;;MAPEADO
UNION_MN;TABLA;ExtractoMovimientosFechas;AD (enc. fila 16);Saldo;236,880.41;SALDO;MAPEADO;OPERATIVO + DATOS_ORIGINALES;SALDO;;MAPEADO
UNION_MN;PIE;ExtractoMovimientosFechas;B50;Total Créditos:;143,466.20;—;PERDIDO (útil para control);METADATOS_EXTRACTO;TOTAL_CREDITOS_PIE;;PERDIDO
UNION_MN;PIE;ExtractoMovimientosFechas;B52;Total Débitos:;0.00;—;PERDIDO (útil para control);METADATOS_EXTRACTO;TOTAL_DEBITOS_PIE;;PERDIDO
UNION_MN;PIE;ExtractoMovimientosFechas;B54;Tránsito;0.00;—;PERDIDO;METADATOS_EXTRACTO;TRANSITO;;PERDIDO
UNION_MN;PIE;ExtractoMovimientosFechas;I54;Consultado;0.00;—;PERDIDO;METADATOS_EXTRACTO;CONSULTADO;;PERDIDO
UNION_MN;PIE;ExtractoMovimientosFechas;L54;Congelado;40,578.52;—;PERDIDO;METADATOS_EXTRACTO;CONGELADO;;PERDIDO
UNION_MN;PIE;ExtractoMovimientosFechas;S54;Sobregirado;0.00;—;PERDIDO;METADATOS_EXTRACTO;SOBREGIRADO;;PERDIDO
UNION_MN;PIE;ExtractoMovimientosFechas;Y54;Disponible;339,068.09;—;PERDIDO;METADATOS_EXTRACTO;DISPONIBLE;;PERDIDO
UNION_MN;PIE;ExtractoMovimientosFechas;AC54;Total;379,646.61;—;PERDIDO;METADATOS_EXTRACTO;TOTAL;;PERDIDO
UNION_ME;TABLA;ExtractoMovimientosFechas;ESTRUCTURA CONFIRMADA: código legado (normalizar_union / ENCABEZADOS_ESPERADOS) + captura real;Fecha Movimiento;(pendiente: REQUIERE MUESTRA REAL CON MOVIMIENTOS);FECHA MOVIMIENTO;MAPEADO (sin hora en origen);OPERATIVO + DATOS_ORIGINALES;FECHA;;MAPEADO
UNION_ME;TABLA;ExtractoMovimientosFechas;ESTRUCTURA CONFIRMADA: código legado (normalizar_union / ENCABEZADOS_ESPERADOS) + captura real · opcional en el motor;AG;(pendiente: REQUIERE MUESTRA REAL CON MOVIMIENTOS);"INFORMACIÓN ADICIONAL (""AG: "")";EN TEXTO ETIQUETADO;DATOS_ORIGINALES;SUCURSAL_AGENCIA;;EN TEXTO LIBRE
UNION_ME;TABLA;ExtractoMovimientosFechas;ESTRUCTURA CONFIRMADA: código legado (normalizar_union / ENCABEZADOS_ESPERADOS) + captura real;Descripción;(pendiente: REQUIERE MUESTRA REAL CON MOVIMIENTOS);DESCRIPCIÓN;MAPEADO;OPERATIVO + DATOS_ORIGINALES;DESCRIPCION;;MAPEADO
UNION_ME;TABLA;ExtractoMovimientosFechas;ESTRUCTURA CONFIRMADA: código legado (normalizar_union / ENCABEZADOS_ESPERADOS) + captura real;Nro Documento;(pendiente: REQUIERE MUESTRA REAL CON MOVIMIENTOS);CÓDIGO DE ASIGNACIÓN;MAPEADO;OPERATIVO + DATOS_ORIGINALES;NRO_DOCUMENTO;;MAPEADO
UNION_ME;TABLA;ExtractoMovimientosFechas;ESTRUCTURA CONFIRMADA: código legado (normalizar_union / ENCABEZADOS_ESPERADOS) + captura real;Monto;(pendiente: REQUIERE MUESTRA REAL CON MOVIMIENTOS);IMPORTE / DÉBITO / CRÉDITO / TIPO;MAPEADO;OPERATIVO + DATOS_ORIGINALES;IMPORTE_FIRMADO;;MAPEADO
UNION_ME;TABLA;ExtractoMovimientosFechas;ESTRUCTURA CONFIRMADA: código legado (normalizar_union / ENCABEZADOS_ESPERADOS) + captura real;Saldo;(pendiente: REQUIERE MUESTRA REAL CON MOVIMIENTOS);SALDO;MAPEADO;OPERATIVO + DATOS_ORIGINALES;SALDO;;MAPEADO
UNION_ME;TABLA;ExtractoMovimientosFechas;ESTRUCTURA CONFIRMADA: captura real (no contemplada por el motor legado);Nro de verificasion;(pendiente: REQUIERE MUESTRA REAL CON MOVIMIENTOS);—;PERDIDO;DATOS_ORIGINALES + EXTRACTO_HISTORICO;NRO_VERIFICACION;;PERDIDO
UNION_ME;CABECERA;ExtractoMovimientosFechas;"E8 (posición del MN real; por confirmar) · cuenta confirmada por detectar_formato";Cuenta:;20000003224544;—;SOLO DETECCIÓN;METADATOS_EXTRACTO;CUENTA_EN_ARCHIVO;;SOLO CONTROL (no persistido como dato)
